gx,gy,gz,ax,ay,az,gtemp,magx,magy,magz
6.168,1.038,-0.687,0.02,-0.053,1.012,37.66,982,-406,-1417
4.725,5.893,0.183,0.014,-0.02,1.009,37.66,986,-343,-1432
0.55,4.985,-0.435,0.025,-0.022,0.977,37.66,986,-297,-1412
-5.336,-3.71,-0.435,-0.063,-0.042,1.015,37.85,1013,-287,-1410
-1.076,1.237,1.725,0.011,-0.075,0.995,37.94,1040,-285,-1427
7.954,7.802,-1.168,0.093,-0.104,1.009,37.66,1046,-290,-1415
7.305,0.511,-2.725,0.065,-0.028,0.957,37.85,1013,-290,-1417
1.565,-4.237,3.267,0.029,-0.041,1.01,37.8,1001,-287,-1422
3.725,3.13,0.397,0.027,-0.04,1.01,37.85,1011,-277,-1440
-1.069,1.664,7.947,0.033,-0.056,0.931,37.85,1030,-266,-1445
-0.641,-1.58,1.962,0.047,-0.043,1.011,37.66,1053,-253,-1437
-1.603,-3.763,-1.496,0.048,-0.049,1.063,37.8,1058,-233,-1457
-12.916,-7.511,-4.885,0.074,-0.094,1.038,37.8,1100,-230,-1450
0.573,-0.901,-5.855,0.059,-0.043,1.022,37.85,1133,-202,-1477
1.527,-0.519,-5.29,0.062,-0.094,0.988,37.8,1168,-210,-1475
7.55,-7.74,-0.702,0.069,-0.084,1.029,37.66,1176,-181,-1500
16.74,-6.412,-4.84,0.097,-0.061,1.02,37.66,1167,-166,-1510
2.817,-17.359,-4.16,0.132,-0.017,1.045,37.8,1167,-132,-1540
-15.298,-15.183,-4.664,0.154,-0.041,0.978,37.66,1225,-47,-1530
-9.252,-17.664,-5.473,0.181,-0.081,0.946,37.66,1301,18,-1497
7.015,-26.832,-9.374,0.246,-0.103,1.01,37.8,1352,91,-1490
4.023,-24.58,-5.763,0.302,-0.089,0.952,37.66,1353,207,-1472
1.626,-25.817,-12.145,0.362,-0.082,0.935,37.94,1366,338,-1440
-1.87,-40.954,-6.718,0.434,-0.08,0.948,37.85,1381,466,-1400
4.481,-33.58,-16.718,0.532,-0.042,0.894,37.8,1376,615,-1367
2.26,-35.13,4.977,0.549,-0.01,0.78,37.8,1330,713,-1335
6.84,-27.176,-6.87,0.579,-0.072,0.849,37.61,1325,822,-1302
5.16,-15.733,-5.695,0.658,-0.044,0.77,37.8,1330,897,-1276
5.282,-35.641,-13.298,0.695,-0.025,0.751,37.8,1306,982,-1256
5.962,-15.962,-11.565,0.745,0.021,0.747,37.85,1265,1082,-1211
-2.328,-28.076,0.802,0.772,0.023,0.672,37.75,1243,1160,-1173
9.878,-30.611,0.389,0.777,-0.089,0.623,37.8,1251,1235,-1123
17.641,-20.901,-1.885,0.837,0.028,0.621,37.8,1212,1317,-1093
18.176,-27.305,3.481,0.873,0.056,0.506,37.94,1165,1398,-1036
10.351,-45.618,15.641,0.852,0.031,0.488,37.94,1165,1506,-960
6.252,-26.977,18.099,1.007,0,0.283,37.8,1183,1612,-845
-5.725,-7.817,-5.229,0.972,0.015,0.298,37.8,1193,1648,-785
-5.71,-6.275,-5.534,0.984,0.024,0.32,37.75,1183,1677,-770
-10.023,-13.466,-2.641,0.998,-0.021,0.265,37.47,1202,1708,-727
2.664,-11.931,-1.664,0.983,0.023,0.239,37.8,1186,1741,-690
2.542,-18.58,7.061,1.004,-0.022,0.221,37.85,1207,1762,-647
2.137,-12.443,-3.412,1.033,-0.001,0.263,37.61,1205,1796,-623
-2.374,-16.847,6.031,1.018,0.047,0.164,38.13,1200,1827,-553
2.282,-7.763,3.023,1.023,-0.015,0.173,37.75,1238,1835,-523
0.427,-5.893,-8.908,1.024,0.02,0.093,37.99,1212,1850,-466
-5.756,-14.221,11.885,1.04,-0.055,0.121,37.94,1230,1886,-453
-6.191,-0.824,-10.55,1.045,0,0.064,37.8,1231,1898,-418
-19.282,-10.466,4.122,1.049,0.003,0.066,37.8,1258,1922,-336
-20.366,-10.313,-6.344,1.022,0,0.014,37.8,1296,1958,-242
-11.557,-4.099,-5.496,1.037,0.027,0.023,37.94,1277,1968,-195
-29.053,-20.794,4.954,1.065,-0.004,-0.086,37.75,1321,1980,-135
-34.443,-17.153,-6.809,1.031,-0.021,-0.082,37.75,1342,2000,-50
-56.229,-18.061,-10.611,1.04,0.073,-0.152,37.85,1335,2021,80
-57.527,-20.916,-5.397,1.009,0.068,-0.216,37.75,1330,2028,200
-56.351,0.305,-0.473,1.049,0.077,-0.256,37.75,1322,2041,310
-51.275,-3.992,10.679,0.99,0.134,-0.104,37.85,1340,2028,356
-48.221,-8.672,5.359,1.048,0.09,-0.192,37.66,1358,2012,438
-31.473,-6.26,3.733,1.021,0.117,-0.227,37.94,1363,1995,491
-30.893,20.847,-4.527,1.073,0.1,-0.304,37.57,1353,2005,553
-40.519,12.733,11.603,1.043,0.136,-0.223,37.94,1342,1987,558
-34.374,14.206,0.985,1.035,0.115,-0.184,37.85,1345,1987,553
-35.962,10.244,14.779,1.053,0.135,-0.117,37.8,1345,2000,568
-38.885,-1.786,-4.053,1.044,0.113,-0.079,37.8,1322,1980,611
-36.649,-1.092,3.298,1.036,0.133,-0.084,37.94,1301,1982,652
-26.061,8.626,5.221,1.029,0.131,-0.061,37.85,1306,1990,647
-33.008,-3.542,-2.053,1.033,0.146,-0.026,37.94,1285,1977,670
-27.008,-5.672,11.229,1.035,0.096,-0.037,37.66,1253,1968,690
-48.267,23.885,11.412,1.005,0.078,-0.088,37.75,1260,1976,685
-58.282,7.969,9.336,1.046,0.069,-0.013,37.85,1236,1997,697
-48.595,6.87,16.916,1.063,0.054,-0.03,37.94,1217,1976,735
-37.168,8.328,14.878,1.034,0.051,-0.052,37.75,1207,1953,775
-19.519,-4.29,-3.626,1.056,0.064,-0.045,37.85,1157,1946,807
-18.824,-5.626,5.443,1.046,0.043,-0.037,37.66,1128,1937,835
-35.084,8.878,3.092,1.026,0.013,0.019,37.8,1123,1920,860
-37.863,-19.725,6.519,1.074,0.09,-0.059,37.85,1066,1937,910
-15.687,-15.237,3.397,1.073,0,0.032,37.28,1092,1888,947
-31.908,-10.947,1.466,1.079,0.004,-0.1,37.8,1063,1866,1006
-20.313,12.618,-3.122,1.072,-0.003,-0.085,37.8,991,1860,1031
-34.962,12.771,-17.206,1.028,0.027,-0.09,37.8,897,1878,1006
-6.145,-4.71,-3.137,1.043,0.064,0.007,37.99,808,1881,1003
-17.611,8.527,1.878,1.041,0.035,-0.126,37.8,811,1873,1023
-10.237,-7.107,11.328,1.06,0.104,-0.098,37.66,792,1866,1026
-3.427,4.756,7.214,1.035,0.072,-0.1,37.75,753,1855,1041
-9.252,0.534,-2.366,1.042,0.083,-0.06,37.8,758,1866,1003
-16.771,-8.84,-17.557,0.96,0.085,-0.033,37.8,703,1876,1016
-13.229,5.176,5.031,1.028,0.161,-0.106,37.8,636,1861,1033
-13.756,7.221,6.504,1.029,0.101,-0.065,37.75,626,1857,1013
-4.656,0.748,-4.122,1.066,0.053,-0.022,37.75,612,1868,1011
-2.573,-0.786,-2.847,1.047,0.079,-0.053,37.94,592,1873,991
-7.267,-1.458,-4.412,1.051,0.11,-0.082,37.61,590,1871,1006
-7.275,1.794,1.244,1.027,0.074,-0.038,37.8,566,1861,1001
-5.145,7.702,-3.42,1.036,0.056,-0.029,37.85,558,1881,996
-7.603,-5.916,-2.557,1.059,0.101,-0.078,37.75,532,1860,1023
-5.588,2.092,-9.74,1.047,0.079,-0.035,37.8,508,1850,993
-2.802,10.603,-5.481,1.034,0.114,-0.084,37.94,480,1852,998
-13.924,7.244,-25.511,0.988,0.116,0.029,37.61,443,1857,983
-12.687,-15.435,-2.893,1.03,0.145,-0.088,37.85,371,1816,1016
-25.206,-9.794,0.779,0.987,0.206,-0.019,37.94,305,1808,998
-17.527,-4.053,-5.931,1.026,0.205,-0.015,37.66,261,1788,998
-12.176,3.733,-7.779,1.047,0.242,-0.012,37.66,213,1777,976
-10.053,2.809,-7.779,1.016,0.186,-0.061,37.8,213,1793,978
-15.634,15.74,-3.702,1.027,0.215,-0.063,37.75,155,1777,917
-4.191,1.939,0.595,1.039,0.143,-0.104,37.85,141,1796,897
-12.458,-3.275,0.679,1.028,0.211,-0.033,37.85,148,1798,900
-12.656,-9.023,-3.237,1.052,0.183,-0.072,37.8,112,1775,915
-5.061,18.687,3.779,1.021,0.194,-0.068,37.66,83,1770,907
-26.183,-17.206,5.519,1.08,0.179,0.049,37.85,91,1770,867
-28.863,7.076,4.244,1.019,0.186,0.018,37.8,50,1791,850
-31.977,-0.496,-1.336,1.005,0.235,-0.018,37.94,6,1791,770
-43.443,-2.74,-9.962,1.022,0.216,0.008,37.85,-52,1767,727
-21.58,1.107,-0.176,1.028,0.21,0.035,37.61,-88,1780,677
-18.504,0.008,9.855,1.012,0.176,0.022,37.85,-105,1775,645
-36.969,-7.649,10,0.987,0.174,-0.002,37.99,-105,1777,606
-30.824,9.168,3.374,1.026,0.186,0.054,37.94,-123,1772,533
-19.489,7.641,4.557,1.024,0.153,0.105,37.94,-122,1788,496
-36.931,-1.183,3.504,0.983,0.182,0.146,37.61,-97,1793,431
-41.26,3.664,-10.45,1.012,0.157,0.148,37.85,-143,1782,346
-50.595,-6.137,2.206,1.028,0.174,0.101,37.94,-153,1788,260
-33.679,-3.893,0.198,1.032,0.113,0.037,37.94,-146,1791,197
-33.977,-6.069,-6.916,0.999,0.102,0.024,37.8,-126,1786,147
1.359,12.214,0.321,1.002,0.153,0.265,37.66,-128,1788,100
-18.244,-3.153,3.206,1.032,0.139,0.152,38.08,-128,1788,70
-30.061,-10.45,1.725,1.005,0.116,0.159,37.94,-107,1796,42
-43.389,-3.954,-3.672,1.013,0.1,0.118,37.94,-83,1801,-10
-29.855,9.237,1.053,0.994,0.107,0.162,37.75,-47,1798,-77
-21.542,6.672,-9.672,1.016,0.093,0.123,37.94,-57,1788,-125
-18.58,-8.298,-0.389,0.991,0.127,0.115,37.99,-66,1780,-190
-16.481,-3.87,1.786,1.037,0.142,0.125,37.85,-28,1780,-192
-19.74,-5.718,2.405,1.02,0.126,0.143,38.08,18,1786,-225
-12.954,-6.229,-6.069,1.022,0.084,0.127,37.85,42,1796,-247
-5.702,2.885,-4.55,1.021,0.078,0.114,37.85,30,1777,-240
-9.634,4.275,9.153,1.013,0.105,0.138,37.99,88,1803,-282
-4.855,1.374,-2.573,1.049,0.063,0.138,37.61,88,1788,-321
-19.252,-1.023,2.679,1.006,0.049,0.157,37.8,100,1793,-328
-20.679,7.931,-0.824,0.985,0.11,0.115,37.8,107,1782,-368
-13.634,-10.695,-7.817,1.032,0.079,0.14,37.94,148,1782,-403
-29.817,3.473,3.634,1.012,0.119,0.12,37.94,182,1780,-416
-26.397,5.794,8.542,1.008,0.018,0.104,37.94,256,1806,-453
-25.847,4.718,19.038,1.055,0.029,0.111,37.57,342,1796,-491
-26.664,-3.046,-4.847,1.046,0.005,0.139,37.61,422,1811,-518
-15.344,5.092,-6.771,0.964,0.085,0.173,37.8,410,1791,-531
-36.84,-0.58,10.145,1.052,-0.004,0.271,37.85,465,1803,-581
-19.053,-4.397,3.55,1.04,-0.053,0.203,37.99,547,1813,-588
-15.817,-5.695,4.672,1.029,-0.084,0.154,37.85,607,1830,-586
-22.992,6.878,4.298,1.038,-0.099,0.202,37.8,683,1822,-591
-37.473,19.733,-0.473,1.021,-0.09,0.208,37.85,737,1813,-631
-53.649,0.496,1.969,0.976,-0.204,0.175,37.75,847,1803,-645
-36.863,-15.267,-3.672,0.992,-0.082,0.174,37.94,907,1840,-603
-30.656,-2.71,-4.511,0.998,-0.101,0.09,37.8,972,1860,-578
-13.298,-0.542,2.504,1.004,-0.17,0.032,37.99,1020,1866,-546
-5.092,3.298,-5.55,1.021,-0.143,0.073,37.99,1046,1878,-563
10.481,6.29,-1.229,1.066,-0.149,0.09,37.66,1053,1873,-563
32.008,8.992,-0.58,1.049,-0.128,0.09,37.85,1003,1860,-593
39.817,4.947,2.924,1.029,-0.11,0.123,37.8,951,1835,-633
40.458,0.145,-2.046,1.034,-0.126,0.156,37.94,886,1825,-621
44.969,-7.084,-6.641,1.041,-0.114,0.153,37.99,795,1832,-613
51.053,-3.214,5.038,1.012,-0.139,0.148,37.94,710,1835,-576
54.977,17.733,0.611,1.012,-0.097,0.134,37.85,615,1852,-546
51.985,-0.237,-11.885,1.026,-0.035,0.16,37.85,472,1835,-526
42.595,-7.84,-12.641,1.023,0.004,0.137,38.08,373,1816,-486
37.771,4.794,-1.427,1.011,-0.008,0.155,37.8,287,1837,-443
45.099,1.977,-1.832,1.032,0.006,0.121,37.85,227,1821,-398
48.214,-5.595,-5.534,1.043,0.059,0.161,37.85,160,1818,-336
36.947,-1.16,-2.328,1.051,0.061,0.132,37.85,86,1801,-287
22.084,-1.229,-0.16,1.03,0.079,0.126,37.75,42,1791,-235
8.046,-19.817,5.221,0.994,0.063,0.102,38.08,42,1813,-192
18.847,-4.275,-0.809,1.049,0.085,0.09,37.8,18,1825,-147
3.718,-7.595,3.832,1.037,0.084,0.11,37.94,30,1837,-132
-0.84,-9.183,3.183,1.02,0.056,0.092,37.85,37,1842,-87
2.947,-12.565,1.855,1.047,0.057,0.051,37.85,45,1860,-45
6.321,-17.992,-1.695,1.085,0.078,-0.034,37.8,45,1878,10
13.557,-15.557,2.733,1.099,0.045,-0.127,37.94,42,1886,120
29.031,9.252,14.748,0.936,0.049,-0.001,37.85,50,1905,197
-5.725,-45.427,12.847,0.99,0.005,-0.121,37.94,100,1925,265
5.489,-27.832,7.084,1.006,-0.005,-0.118,37.8,146,1938,371
5.87,-63.412,7.954,0.999,-0.039,-0.395,37.75,160,1920,576
8.519,-53.176,10.771,0.956,-0.097,-0.442,37.85,225,1905,707
11.595,-41.725,7.107,0.937,-0.036,-0.515,37.85,263,1873,840
-15.748,-34.855,5.412,0.894,-0.108,-0.539,37.85,258,1818,968
-14.328,-27.366,6.71,0.824,-0.11,-0.625,37.94,237,1775,1048
4.992,-20.458,5.305,0.779,-0.035,-0.618,37.8,235,1731,1088
-0.382,-31.229,6.366,0.71,-0.067,-0.695,37.94,245,1685,1183
3.809,-44.771,5.519,0.683,-0.1,-0.732,37.99,266,1620,1266
4.046,-4.351,0.229,0.649,-0.102,-0.803,37.85,285,1573,1347
2.702,-6,1.443,0.76,-0.124,-0.914,37.94,307,1553,1370
12.153,-5.656,9.031,0.68,-0.07,-0.858,37.85,311,1542,1387
-2.992,-6.885,1.84,0.605,-0.104,-0.786,37.85,337,1553,1402
4.237,-16.611,7.031,0.649,-0.173,-0.819,38.08,367,1540,1427
5.519,-21.824,3.542,0.647,-0.182,-0.992,37.85,396,1508,1457
7.305,-15.29,1.321,0.562,-0.159,-0.873,37.85,402,1493,1485
50.954,-66.412,1.931,0.176,-0.126,-0.88,37.99,490,1382,1585
69.626,2.267,-1.847,0.375,-0.069,-0.687,37.85,600,1331,1648
12.885,25.885,2.557,0.622,-0.413,-0.978,37.75,720,1312,1658
3.969,6.664,18.328,0.492,-0.39,-0.781,37.85,780,1343,1626
2.45,-10.901,18.115,0.481,-0.403,-0.756,37.8,832,1333,1628
10.443,1.893,18.282,0.506,-0.469,-0.817,37.85,895,1312,1646
-9.489,-29.504,22.458,0.37,-0.39,-0.814,37.85,931,1243,1691
-5.649,-16.168,15.878,0.299,-0.4,-0.8,37.61,915,1181,1723
0.221,-14.321,22.992,0.309,-0.416,-0.905,38.08,936,1125,1756
8.84,-2.412,22.031,0.286,-0.506,-0.922,37.75,1001,1111,1753
-28.74,1.565,12.756,0.271,-0.45,-0.965,37.85,993,1080,1786
-18.481,-14.504,8.069,0.192,-0.399,-0.951,37.99,955,1062,1821
-12.985,-11.573,20.038,0.2,-0.337,-0.943,37.75,873,975,1853
-4.618,-6.267,12.45,0.133,-0.389,-0.961,37.99,847,930,1878
-3.779,-3.473,7.779,0.169,-0.353,-1.005,37.8,837,895,1913
0.023,2.802,8.588,0.117,-0.328,-1.007,38.13,855,878,1942
-0.435,0.916,9.84,0.083,-0.314,-0.939,37.94,861,881,1952
-0.718,-2.74,2.137,0.057,-0.333,-0.987,37.8,861,856,1982
-1.214,1.916,-0.641,0.111,-0.303,-0.98,37.85,832,866,1967
0.962,1.656,0.794,0.093,-0.297,-0.978,37.85,828,871,1977
1.084,-4.107,-0.618,0.077,-0.302,-0.973,37.94,813,842,1970
1.718,-12.786,-1.496,0.079,-0.303,-0.995,38.08,818,813,2000
0.244,-5.664,-0.137,0.041,-0.278,-0.973,37.99,806,765,1995
5.656,-3.008,0.809,0.099,-0.296,-0.992,37.8,798,762,1997
2.107,-15.916,4.786,0.027,-0.299,-0.977,37.94,798,716,2012
6.443,-23.718,5.573,-0.026,-0.294,-0.962,37.94,823,621,2022
-1.061,-41.802,7.863,-0.11,-0.294,-0.928,37.85,835,522,2027
-0.45,-34.168,4.267,-0.107,-0.322,-0.981,37.8,850,413,2020
9.878,-14.954,4.885,-0.138,-0.347,-1.088,38.13,866,336,2005
9.076,1.053,-1.298,-0.154,-0.322,-0.922,38.13,873,346,1970
7.962,-13.458,3.023,-0.164,-0.33,-0.917,38.08,891,305,1935
4.863,-17.702,5.374,-0.262,-0.357,-0.914,38.13,881,243,1923
12.969,0.275,1.42,-0.308,-0.339,-0.926,37.85,860,152,1906
11.817,-22.282,7.992,-0.342,-0.33,-0.851,37.85,900,75,1898
5.458,-3.427,3.298,-0.417,-0.359,-0.853,37.85,892,-38,1856
11.321,-35.443,4.695,-0.479,-0.361,-0.818,37.94,868,-137,1831
1.672,-27.435,-1.069,-0.537,-0.346,-0.8,38.08,868,-238,1781
0.496,-6.74,-0.916,-0.536,-0.348,-0.738,37.94,861,-295,1771
1.664,-13.458,1.26,-0.52,-0.333,-0.771,37.94,863,-343,1741
1.183,-5.809,-1.244,-0.556,-0.339,-0.72,37.94,842,-377,1733
-3.229,-7.237,2.069,-0.604,-0.323,-0.699,37.94,828,-423,1708
-0.42,-12.641,0.527,-0.606,-0.341,-0.7,37.75,801,-455,1711
-13.901,-13.389,4.664,-0.606,-0.309,-0.671,37.99,756,-517,1681
-11.687,-24.13,10.71,-0.678,-0.259,-0.626,37.8,652,-665,1611
-2.557,-49.656,7.649,-0.781,-0.256,-0.583,38.13,566,-895,1457
6.115,-42.076,-6.038,-0.858,-0.212,-0.393,38.13,571,-1113,1243
11.031,-41.427,-10.435,-0.953,-0.262,-0.223,37.99,623,-1248,1053
16.191,-35.389,-29.237,-1.001,-0.34,-0.113,37.85,688,-1360,845
27.092,-34.962,-27.015,-0.824,-0.396,0.059,37.99,996,-1392,551
29.969,-39.992,-21.26,-0.828,-0.464,0.144,37.85,1090,-1418,366
41.008,-18.573,-48.267,-0.79,-0.513,0.276,37.99,1205,-1395,222
31.427,-30.634,-24.931,-0.729,-0.538,0.387,37.94,1345,-1351,102
34.412,-22.282,-22.87,-0.692,-0.541,0.415,37.94,1436,-1287,5
42.87,-26.092,-11.244,-0.626,-0.5,0.54,37.99,1483,-1261,-142
25.824,-22.336,-19.824,-0.621,-0.553,0.574,38.18,1532,-1220,-252
35.695,-10.603,-31.099,-0.506,-0.511,0.583,37.99,1601,-1140,-348
24.153,-18.733,-28.229,-0.473,-0.507,0.656,38.08,1661,-1077,-448
28.702,-19.603,-27.618,-0.429,-0.542,0.717,38.08,1702,-985,-551
9.198,-9.153,-13.748,-0.456,-0.54,0.752,37.85,1752,-891,-621
12.588,-6.748,-24.565,-0.342,-0.501,0.769,37.99,1806,-830,-662
24.282,-6.176,-28.435,-0.306,-0.459,0.823,37.85,1817,-772,-730
16,-3.374,-15.427,-0.302,-0.419,0.853,37.94,1835,-708,-775
29.031,-17.076,-24.008,-0.267,-0.439,0.876,38.13,1837,-651,-835
37.137,-13.511,-21.031,-0.184,-0.337,0.948,37.94,1815,-548,-955
-9.611,-1.71,-24.344,-0.163,-0.4,0.898,38.18,1856,-488,-971
3.29,-0.557,-15.565,-0.125,-0.405,0.893,37.99,1895,-426,-971
29.962,-8.351,-13.779,-0.067,-0.35,0.924,38.13,1895,-348,-1028
6.756,-1.008,-16.908,-0.082,-0.382,0.957,38.08,1887,-302,-1041
9.756,2.061,-18.489,-0.046,-0.32,0.917,38.13,1892,-241,-1071
28.038,-1.443,-14.626,-0.051,-0.331,0.978,38.08,1863,-202,-1116
60.015,-10.046,-28.191,-0.017,-0.207,0.966,37.85,1762,-137,-1223
0.962,-3.084,-13.687,0.012,-0.143,1.06,37.94,1678,-75,-1295
12.824,-11.099,-13.557,-0.007,-0.162,0.996,37.94,1655,-47,-1307
-6.053,-3.679,-6.58,0.055,-0.104,0.978,37.99,1637,-13,-1307
14.183,-9.588,-37.58,0.105,-0.122,0.991,37.66,1666,52,-1327
4.489,4.489,-33.176,0.084,-0.105,1.021,38.13,1660,137,-1335
-16.84,-8.573,-50.802,0.104,-0.149,0.977,37.85,1715,232,-1320
-11.153,-1.489,-57.679,0.097,-0.132,0.996,37.94,1786,372,-1271
-7.214,-8.771,-45.992,0.167,-0.139,0.985,37.99,1837,520,-1243
6.137,-5.183,-29.153,0.212,-0.175,0.986,37.94,1832,610,-1218
9.763,8.344,-31.725,0.2,-0.177,0.973,37.85,1801,667,-1241
11.809,-8.382,-46.679,0.234,-0.149,0.993,38.08,1733,776,-1238
5.55,15,-32.321,0.249,-0.075,0.999,38.13,1660,830,-1258
10.756,6.344,-19.084,0.191,-0.023,0.987,37.99,1630,856,-1273
-6.061,10.794,-27.191,0.205,-0.09,0.957,38.13,1630,881,-1273
5.206,18.603,-24.031,0.141,-0.031,0.986,37.85,1603,866,-1290
-3.137,8.573,-17.008,0.128,-0.078,1.016,38.08,1582,847,-1297
6.443,9.809,-15.924,0.092,-0.015,1.061,37.8,1558,827,-1315
-2.916,-0.87,-16.496,0.127,-0.022,0.971,38.13,1538,868,-1317
-1.786,13.069,-6.565,0.103,0.014,0.982,37.85,1537,883,-1312
-0.527,3.992,-12.107,0.097,-0.093,0.994,38.08,1538,883,-1315
-0.061,4.405,-11.718,0.118,-0.034,1.026,37.94,1525,886,-1312
1.756,8.84,0.824,0.091,-0.081,1.016,38.27,1522,895,-1297
12.229,7.252,3.298,0.101,-0.081,1.007,37.99,1488,861,-1325
5.771,-6.901,-4.534,0.076,-0.078,0.999,37.85,1507,853,-1325
11.519,-18.496,-19.679,0.075,-0.099,1.02,37.94,1498,917,-1322
11.84,17.191,-24.198,0.159,-0.102,0.947,38.27,1486,970,-1271
22.885,16.748,-22.71,0.147,-0.034,0.978,38.13,1392,992,-1315
12.153,20.855,-20.351,0.102,0.014,0.98,37.94,1327,963,-1352
14.847,5.29,-17.031,0.066,0.015,0.993,38.18,1258,943,-1387
16.863,-32.519,-24.046,-0.041,0.076,1.416,37.99,1183,931,-1380
7.26,22.954,-10.656,0.212,0.09,0.759,38.08,1116,1043,-1335
11.595,15.931,-13.214,0.067,0.096,0.995,38.08,1053,953,-1392
12.237,10.092,-9.313,0.041,0.114,1.02,38.08,1003,920,-1415
12.779,9.427,-17.412,0.004,0.135,1.034,38.13,941,897,-1435
-5.443,5.069,-8.198,-0.012,0.195,1.03,38.13,917,863,-1445
-2.748,-4.427,-22.885,-0.044,0.137,1.024,37.85,931,878,-1442
-5.366,-3.008,-10.053,-0.02,0.146,0.998,38.13,928,897,-1430
4.595,-8.252,-21.397,-0.024,0.124,1.047,37.99,897,920,-1422
16.389,-22.183,-34.466,0.007,0.131,1.022,38.18,835,987,-1387
3.527,-7.496,-27.695,0.086,0.194,0.978,38.18,746,1065,-1360
0.939,-10.718,-37.527,0.067,0.188,0.987,38.27,703,1091,-1335
-1.153,-9.626,-25.214,0.078,0.133,0.998,38.18,657,1113,-1317
-3.809,-13.084,-35.832,0.066,0.149,0.993,38.13,602,1142,-1290
-2.771,-10.733,-29.267,0.082,0.157,0.985,37.99,553,1166,-1271
-3.351,-7.458,-38.634,0.139,0.168,1.01,38.18,480,1162,-1261
-8.992,1.649,-33.511,0.157,0.173,0.994,38.13,417,1150,-1233
0.45,3.16,-24.115,0.087,0.135,1.003,37.99,415,1118,-1253
-3.626,-3.328,-32.145,0.121,0.148,1.024,37.94,362,1093,-1256
-21.481,-1.45,-31.55,0.098,0.123,1,37.99,360,1072,-1248
13.458,12.977,-48.26,0.027,0.078,1.03,38.27,305,990,-1292
13.321,1.282,-75.344,0.051,0.051,1.006,38.08,220,931,-1302
7.954,3,-75.947,0.028,0.09,0.974,38.13,136,863,-1287
25.191,15.687,-76.565,0.062,0.143,1.049,38.27,-8,745,-1276
7.489,4.275,-62.191,-0.016,0.175,0.986,38.13,-105,595,-1261
1.58,3.313,-55.427,-0.055,0.165,0.992,38.32,-177,442,-1241
-3.122,-0.046,-60.122,-0.131,0.24,1.046,38.13,-220,311,-1251
22.42,9.458,-63.74,-0.097,0.13,1.005,37.85,-246,183,-1233
7.771,5.344,-66.084,-0.195,0.2,1.023,38.13,-271,-11,-1218
-7.412,-7.237,-46.55,-0.169,0.169,1.013,38.13,-230,-117,-1231
3.748,-7.412,-37.771,-0.19,0.104,1.017,38.32,-217,-195,-1228
-1.412,-9.374,-39.237,-0.106,0.137,0.978,38.18,-172,-233,-1231
1.573,-1.595,-41.313,-0.173,0.044,0.976,37.99,-136,-321,-1208
13.13,17.122,-40.878,-0.205,0.082,0.959,38.13,-112,-432,-1208
10.71,26.794,-37.45,-0.266,0.055,0.991,38.37,-92,-543,-1146
4.603,32.443,-31.649,-0.378,0.12,0.944,38.13,-88,-672,-1091
4.992,21.954,-24.802,-0.328,0.079,0.955,37.85,-28,-765,-1071
-5.748,44.229,-23.053,-0.387,0.068,0.876,38.32,11,-853,-1011
12.405,31.908,-14.817,-0.466,0.02,0.894,38.27,55,-1007,-927
-14.206,35.748,-36.626,-0.488,0.012,0.85,38.08,112,-1052,-885
5.198,5.023,-25.58,-0.549,-0.035,0.853,38.32,167,-1088,-857
-38.527,-95.046,-19.878,-0.357,-0.062,0.872,38.13,292,-995,-1018
-21.267,10.504,-11.519,-0.424,-0.099,0.928,38.18,376,-941,-1071
-13.847,35.962,-28.817,-0.452,-0.189,0.805,38.37,446,-1038,-993
0.26,23.191,-9,-0.415,-0.257,0.831,38.13,496,-1118,-922
4.618,52.794,0.305,-0.603,-0.162,0.729,38.37,530,-1130,-890
7.389,38.626,2.321,-0.535,-0.278,0.857,38.37,552,-1166,-857
8.237,11.389,2.061,-0.511,-0.204,0.746,38.32,545,-1215,-815
2.351,10.84,0.183,-0.567,-0.205,0.718,38.27,530,-1237,-785
0.191,21.763,-11.237,-0.586,-0.206,0.781,38.32,556,-1276,-730
2.382,20.046,-26.672,-0.609,-0.231,0.702,38.13,578,-1300,-645
9.214,9.321,-17.16,-0.642,-0.27,0.681,38.32,645,-1336,-593
9.84,17.763,-3.305,-0.646,-0.284,0.686,38.32,693,-1365,-543
10.802,31.649,-4.58,-0.601,-0.281,0.633,38.46,693,-1385,-488
25.267,44.733,-23.061,-0.701,-0.365,0.595,38.18,735,-1445,-401
29.458,43.435,-26.618,-0.637,-0.303,0.573,38.13,840,-1442,-302
22.74,58.527,-29.947,-0.755,-0.332,0.533,38.18,917,-1457,-182
25.237,54.611,-31.366,-0.755,-0.458,0.379,38.18,1011,-1462,-47
37.656,53.099,-36.786,-0.767,-0.401,0.401,38.18,1106,-1437,72
43.076,31.931,-43.847,-0.761,-0.428,0.346,38.37,1287,-1370,162
33.603,34.015,-39.336,-0.74,-0.447,0.356,38.32,1441,-1307,210
15.87,31.344,-20.16,-0.711,-0.57,0.281,38.27,1566,-1248,270
31.939,43.847,-52.229,-0.726,-0.596,0.254,38.27,1715,-1113,336
27.038,36.748,-44.198,-0.633,-0.63,0.287,38.18,1947,-910,398
15.824,28.321,-26.427,-0.579,-0.691,0.232,38.27,2096,-737,436
18.031,25.603,-27.008,-0.555,-0.801,0.196,38.32,2161,-665,433
19,26.504,-16.191,-0.545,-0.748,0.242,38.32,2241,-548,433
2.435,24.328,-24.87,-0.486,-0.757,0.209,38.37,2298,-445,471
10.122,21.718,-14.649,-0.442,-0.791,0.22,38.32,2351,-343,473
9.595,30.122,-21.466,-0.53,-0.848,0.215,38.32,2377,-271,433
-2.824,23.206,-3.153,-0.434,-0.872,0.219,38.18,2398,-197,453
14.092,17.885,-10.206,-0.456,-0.849,0.178,38.37,2413,-156,433
-10.947,20.221,-20.985,-0.47,-0.936,0.171,38.08,2442,-93,458
-0.237,53.992,-4.366,-0.302,-0.913,-0.07,38.37,2442,3,518
-46.847,60.328,-29.901,-0.437,-0.91,0.045,38.13,2421,83,650
-8.977,35.557,-7.458,-0.329,-0.951,-0.061,38.18,2382,233,797
2.191,43.046,-36.397,-0.262,-0.953,-0.178,38.08,2387,360,815
12.298,34.573,-10.176,-0.208,-0.956,-0.222,38.27,2385,503,810
11.588,35.664,-22.87,-0.216,-1.023,-0.073,38.37,2426,602,737
-17.985,18.336,-14.947,-0.141,-1.026,-0.166,38.13,2390,697,730
-9.939,25.824,-12.511,-0.1,-0.998,-0.134,38.27,2375,791,750
-1.458,78.588,7.168,-0.03,-0.868,-0.202,38.18,2387,868,700
-3.824,78.412,9.985,-0.014,-0.954,-0.211,38.32,2413,956,563
2.702,72.733,21.687,-0.074,-0.958,-0.172,38.37,2428,938,516
30.901,48.527,29.076,-0.073,-0.97,-0.254,38.32,2450,883,431
11.305,46.939,-1.74,-0.052,-0.979,-0.202,38.27,2481,876,312
12.672,54.962,11.015,-0.05,-0.936,-0.1,38.18,2492,878,237
33.298,20.374,-31.237,0.019,-1.056,-0.328,38.18,2473,902,172
4.802,36.214,16.267,-0.048,-0.99,-0.103,38.32,2473,953,70
7.611,31.458,-6.977,-0.16,-0.961,-0.07,38.13,2478,905,5
4.351,41.206,-23.282,0.105,-0.996,-0.294,38.32,2468,936,-27
20.053,27.275,-6.145,0.122,-1,-0.151,38.32,2447,1008,-85
31.534,18.527,-0.366,0.092,-0.988,-0.09,38.27,2430,995,-185
17.603,15.534,3.863,0.104,-1.009,0.019,38.32,2390,956,-315
2.74,-19.817,-22.847,-0.075,-0.926,0.322,38.46,2370,946,-406
7,17.947,2.183,0.121,-0.997,0.011,38.32,2363,925,-406
4.733,15.756,-7.802,0.108,-0.982,0.06,38.27,2348,915,-453
-20.962,46.931,2.198,0.147,-0.918,-0.098,38.27,2361,910,-471
3.779,15.435,-36.504,0.133,-0.962,0.03,38.32,2377,856,-413
-5.115,31.206,3.344,0.139,-1.008,-0.057,37.85,2382,835,-406
-15.817,21.038,13.061,0.131,-0.974,-0.052,38.32,2423,778,-368
-8.855,18.725,18.351,0.052,-1.008,-0.144,38.32,2476,721,-307
-12.702,23.351,11.206,0.08,-1.009,-0.191,38.13,2492,643,-262
-9.511,20.13,0.084,0.073,-1.049,-0.211,38.32,2510,587,-220
0.908,20.725,1.641,0.088,-0.966,-0.207,38.32,2502,582,-232
-7.58,4.626,8.168,0.146,-0.991,-0.142,38.18,2512,543,-197
-25.298,11.252,0.588,0.056,-0.975,-0.225,38.46,2541,507,-145
-16.298,22.725,-1.527,0.075,-0.939,-0.302,38.37,2546,496,-97
-13.763,11.023,-5.962,0.101,-0.988,-0.354,38.46,2567,505,-52
-23.893,17.855,-1.344,0.094,-0.974,-0.357,38.37,2555,535,60
-10.351,21,2.847,0.126,-0.913,-0.393,38.6,2567,517,112
-19.221,43.252,8.275,0.132,-0.922,-0.417,38.46,2580,507,157
-3.595,18.817,14.626,0.135,-0.886,-0.396,38.37,2570,460,177
-12.931,22.634,24.038,0.119,-0.887,-0.444,38.18,2552,401,195
-6.595,66.443,6.42,0.13,-0.892,-0.472,38.37,2551,341,240
-44.031,72.847,39.847,0.165,-0.889,-0.552,38.37,2531,248,366
-45.58,54.809,38.863,0.15,-0.788,-0.519,38.32,2490,101,538
-14.672,41.954,6.252,0.159,-0.786,-0.582,38.51,2426,86,680
-21.069,71.053,22.763,0.201,-0.768,-0.717,38.46,2395,81,760
-25.069,50.588,28.397,0.287,-0.705,-0.744,38.27,2351,83,865
-39.137,61.527,42,0.407,-0.603,-0.593,38.46,2236,83,1038
-22.137,61.641,42.817,0.312,-0.623,-0.862,38.46,2156,36,1121
-15.458,52.42,40.87,0.338,-0.68,-0.624,38.37,2087,60,1211
-20.473,57.863,32.718,0.371,-0.62,-0.597,38.51,2028,91,1305
-18.511,57.42,23.87,0.435,-0.657,-0.655,38.37,1950,122,1367
-6.58,33.611,17.374,0.552,-0.627,-0.756,38.37,1877,135,1422
-22.275,55.908,29.611,0.395,-0.701,-0.766,38.37,1830,166,1472
8.573,30.099,27.374,0.445,-0.767,-0.685,38.6,1788,258,1492
-32.359,88.954,7.382,0.619,-0.546,-0.404,38.37,1777,517,1515
-13.29,19.634,7.237,0.512,-0.679,-0.515,38.32,1733,520,1542
-23.221,38.458,-0.473,0.604,-0.562,-0.609,38.51,1697,573,1555
5.229,30.382,1.382,0.598,-0.669,-0.583,38.46,1666,706,1560
11.641,41.214,-7.382,0.637,-0.564,-0.587,38.37,1650,803,1565
11.763,40.748,-5.099,0.676,-0.538,-0.481,38.32,1637,878,1532
-5.565,32.267,-11.389,0.727,-0.678,-0.449,38.37,1668,961,1490
4.412,41.443,-19.84,0.752,-0.607,-0.419,38.37,1652,1067,1475
-3.763,74.237,-22.092,0.76,-0.536,-0.301,38.46,1618,1251,1382
4.031,57.229,-17.076,0.837,-0.545,-0.188,38.37,1618,1406,1258
3.809,43.038,-0.511,0.856,-0.463,-0.079,38.46,1590,1561,1138
5.466,39.13,6.908,0.929,-0.568,-0.059,38.18,1650,1651,1003
-2.275,44.099,-16.359,0.975,-0.53,0.058,38.37,1645,1697,897
5.649,52.618,-20.298,0.872,-0.446,0.13,38.46,1570,1813,755
46.397,74.847,-24.366,0.859,-0.381,0.37,38.46,1558,1878,593
35.947,74.878,-12.282,0.912,-0.366,0.402,38.46,1537,1930,368
10.947,71.618,-13.282,0.896,-0.365,0.569,38.6,1515,1956,90
-4.672,54.099,-14.649,0.789,-0.351,0.606,38.46,1486,1941,-42
0.573,97.122,-19.977,0.682,-0.3,0.695,38.37,1443,1888,-292
-1.618,74.397,-25.74,0.549,-0.278,0.782,38.37,1352,1822,-531
5.855,67.756,-28.58,0.445,-0.269,0.915,38.65,1251,1700,-737
23.565,77.611,-51.405,0.485,-0.212,0.817,38.37,1105,1558,-935
48.115,84.359,-62.489,0.29,-0.089,0.936,38.13,861,1380,-1103
-51.534,133.321,-193.649,-0.195,-0.057,0.785,38.65,623,1038,-1312
44.954,71.733,-61.611,-0.144,-0.164,0.97,38.37,516,662,-1422
5.481,59.328,-29.237,-0.284,-0.116,0.97,38.37,407,380,-1462
41.786,27.824,-16.656,-0.316,-0.005,0.963,38.65,235,200,-1445
49.878,36.985,-29.725,-0.379,0.097,0.971,38.46,60,42,-1367
55.076,38.107,-31.595,-0.459,0.187,0.927,38.69,-115,-122,-1278
24.237,49.74,-46.29,-0.65,0.13,0.768,38.65,-162,-403,-1171
37.351,34.221,-28.969,-0.665,0.134,0.766,38.32,-191,-581,-1083
36.863,44.29,-30.359,-0.685,0.104,0.677,38.37,-240,-742,-963
46.298,33.504,-28.374,-0.779,0.116,0.594,38.37,-280,-878,-797
29.534,31.87,-8,-0.756,0.117,0.542,38.37,-305,-987,-662
34.763,24.137,-8.42,-0.866,0.2,0.533,38.37,-362,-1072,-528
49.542,39.702,-10.985,-0.871,0.152,0.349,38.79,-383,-1130,-356
63.374,38.687,-1.435,-0.871,0.172,0.331,38.69,-422,-1201,-125
36.733,39.733,-8.565,-0.9,0.186,0.085,38.18,-472,-1191,72
53.427,48.603,-10.87,-0.926,0.218,0.117,38.65,-443,-1227,300
57.58,53.595,-17.908,-0.948,0.223,-0.012,38.51,-360,-1225,526
47.137,47.145,-14.557,-0.913,0.132,-0.221,38.46,-246,-1201,760
38.153,43.924,-13.031,-0.9,0.105,-0.231,38.37,-141,-1171,963
49.443,34.985,-8.084,-0.893,0.097,-0.261,38.37,-57,-1118,1081
64.534,69.275,-4.588,-0.883,0.028,-0.375,38.65,97,-1018,1285
77.74,42.008,4.107,-0.8,-0.025,-0.523,38.51,302,-852,1465
31.603,57.855,-10.412,-0.78,-0.131,-0.666,38.46,498,-706,1572
25.786,56.435,-23.954,-0.684,-0.141,-0.673,38.51,600,-530,1671
32.405,48.435,-16.389,-0.61,-0.241,-0.71,38.65,710,-380,1746
27.618,52.893,-5.901,-0.525,-0.284,-0.679,38.69,871,-217,1791
9.939,50.405,-21.229,-0.5,-0.277,-0.829,38.79,922,-78,1821
33.382,37.458,-11.977,-0.35,-0.286,-0.822,38.65,1092,103,1821
24.519,27.992,-8.321,-0.302,-0.447,-0.909,38.37,1160,222,1783
16.977,29.794,-13.962,-0.261,-0.475,-0.865,38.65,1290,348,1726
28.267,33.55,-5.916,-0.146,-0.578,-0.841,38.65,1387,437,1678
13.405,39.496,-11.588,-0.146,-0.573,-0.811,38.65,1483,581,1616
14.313,35.397,-6.832,-0.06,-0.586,-0.839,38.65,1503,698,1557
16.137,30.863,-6.328,-0.012,-0.626,-0.807,38.46,1538,803,1485
31.214,53.55,16.58,-0.023,-0.778,-0.813,38.46,1601,963,1375
56.702,21.908,-12.153,0.114,-0.688,-0.699,38.79,1760,1065,1238
46.305,15.298,-0.954,0.126,-0.811,-0.598,38.51,1853,1098,1031
10.519,38.321,-5.557,0.239,-0.847,-0.512,38.69,1868,1178,942
8.931,69.824,-0.527,0.268,-0.769,-0.503,38.65,1890,1305,815
-8.634,58.496,-7.908,0.295,-0.833,-0.448,38.37,1921,1416,682
-13.244,76.565,-10.137,0.396,-0.924,-0.501,38.65,1911,1545,553
13.298,69.321,0.939,0.544,-0.743,-0.424,38.6,1890,1628,433
-23.992,50.328,-23.42,0.487,-0.804,-0.333,38.65,1905,1816,411
-19.947,40.893,-23.008,0.588,-0.694,-0.422,38.84,1880,1868,396
-36.863,60.26,-21.397,0.713,-0.686,-0.395,38.6,1892,1827,383
-16.534,46.443,-14.115,0.737,-0.605,-0.398,38.51,1786,1821,260
-41.107,34.55,-19.779,0.712,-0.621,-0.357,38.46,1733,1860,195
-50.603,35.687,-26.885,0.835,-0.529,-0.341,38.79,1660,1898,160
-57.611,37.397,-29.87,0.823,-0.481,-0.344,38.79,1553,1951,130
-46.71,14.13,-29.359,0.945,-0.318,-0.354,38.65,1447,1982,137
-52.344,10.718,-38.695,0.936,-0.233,-0.364,38.6,1332,2036,175
-50.237,9.489,-43.473,1.014,-0.074,-0.366,38.65,1162,2065,207
-49.954,-1.725,-55.023,0.961,0.07,-0.401,38.69,982,2098,220
-62.626,-2.412,-39.779,0.942,0.212,-0.386,38.69,811,2111,247
-97.519,0.351,-57.718,0.925,0.288,-0.327,38.79,645,2096,242
-78.481,-16.099,-56.496,0.857,0.501,-0.274,38.51,433,2053,232
-50.618,-15.847,-36.252,0.807,0.581,-0.194,38.84,266,2016,230
-56.015,-18.992,-45.55,0.767,0.702,-0.172,38.79,138,1985,220
-55.779,-18.252,-45.626,0.676,0.791,-0.088,38.6,-13,1902,190
-79.634,-9.794,-52.916,0.695,0.759,-0.035,38.79,-148,1818,110
-61.145,-12,-62.786,0.52,0.825,0.116,38.69,-290,1692,-5
-39.183,-10.221,-49.481,0.422,0.906,0.248,38.6,-391,1592,-75
-50.863,-28.42,-50.679,0.345,0.979,0.254,38.6,-477,1491,-172
-49.664,-46.038,-48.656,0.223,0.916,0.318,38.51,-590,1357,-237
-56.595,-25.916,-42.802,0.196,0.798,0.413,38.65,-643,1237,-336
-32.954,-0.252,-35.641,0.08,0.794,0.555,38.6,-675,1123,-411
-64.84,2.206,-37.374,-0.001,0.763,0.614,38.51,-647,995,-571
-20.748,-4.069,-28.924,-0.044,0.735,0.655,38.69,-621,907,-695
12.519,-2.893,-29.908,-0.004,0.736,0.67,38.65,-665,837,-667
-1.84,-12.031,-53.038,-0.08,0.702,0.618,38.79,-741,747,-642
-21.099,-20.031,-55.679,-0.135,0.738,0.766,38.79,-806,585,-636
-27.321,-10.84,-62.084,-0.248,0.644,0.754,38.65,-761,430,-722
-52.779,-31.664,-57.511,-0.245,0.513,0.795,38.79,-683,321,-845
-1.374,-13.099,-19.069,-0.215,0.518,0.905,38.65,-605,261,-932
23.992,3.267,-32.87,-0.262,0.41,0.749,38.65,-607,225,-947
38.084,50.115,-61.924,-0.375,0.398,0.837,38.79,-623,-31,-917
31.237,9.664,-51.305,-0.448,0.398,0.734,38.79,-655,-282,-812
43.397,10.069,-41.092,-0.574,0.386,0.672,38.84,-662,-421,-745
-1.901,-10.282,-20.046,-0.594,0.43,0.635,38.65,-675,-573,-642
16.878,-14.679,-44.885,-0.594,0.303,0.605,38.65,-647,-648,-613
25.595,8.092,-63.405,-0.625,0.332,0.67,38.65,-576,-813,-568
34.557,4.214,-74.305,-0.683,0.182,0.616,38.79,-480,-936,-556
51.954,9.206,-95.061,-0.682,0.223,0.601,38.69,-287,-1108,-466
26.351,26.771,-62.191,-0.761,0.14,0.603,38.79,-110,-1290,-401
16.008,51.168,-44.389,-0.808,0.01,0.491,38.65,57,-1408,-205
36.649,102.504,-64.618,-0.809,-0.051,0.37,38.51,208,-1483,12
25.809,78.924,-13.13,-0.84,-0.168,0.16,38.98,307,-1498,267
17.336,18.87,36.916,-1.011,0.046,0.226,38.65,342,-1478,496
-66.435,-106.58,121.565,-1.062,0.256,0.259,38.84,-35,-1421,312
-52.893,-117.183,109.076,-0.834,0.257,0.423,38.88,-376,-1222,-60
-32.794,-67.221,56.107,-0.645,0.317,0.567,38.98,-542,-1013,-336
-50.015,-55.863,65.244,-0.551,0.436,0.727,38.88,-616,-775,-573
-50.901,-55.313,71.84,-0.418,0.432,0.892,38.69,-626,-496,-772
-49.099,-31.969,44.473,-0.297,0.282,0.859,38.79,-540,-253,-966
-53.809,-26.817,23.725,-0.151,0.215,0.949,38.84,-407,-62,-1098
-38.824,-44.573,28.809,-0.093,0.127,0.984,38.84,-258,158,-1201
-16.176,-57.527,9.786,0.004,0.043,0.955,38.79,-133,385,-1246
-27.191,-65.779,10.481,0.179,0.083,1.063,38.65,-37,628,-1258
-2.183,-55.649,-1.832,0.281,-0.013,1,38.65,30,806,-1218
16.405,-31.008,-10.183,0.442,-0.053,0.85,38.79,18,953,-1138
27.947,-17.656,-2.939,0.486,0.059,0.896,38.69,-23,1026,-1071
14.847,-2.947,7.122,0.564,0.2,0.943,38.98,-123,1085,-1008
-18.038,70.565,-18.702,0.423,0.065,0.903,38.79,-133,966,-1076
-8.809,115.527,-9.672,0.19,-0.008,0.992,38.65,-66,631,-1241
13.687,72.046,-12.573,-0.017,0.091,1.054,38.79,-63,370,-1290
2.344,31.992,-3.901,-0.071,0.054,0.977,38.65,-68,210,-1302
-37.656,21.427,29.061,-0.129,0.136,1.125,38.79,-23,96,-1322
-51.366,-32.237,31.267,-0.15,-0.124,0.936,38.88,155,197,-1397
-23.26,-22.664,20.939,-0.021,-0.183,0.993,38.69,308,328,-1437
42.542,-82.664,30.298,0.013,-0.16,1.037,38.84,302,512,-1400
31.679,-60.153,20.053,0.108,-0.089,1.009,38.79,188,778,-1290
74.45,-53.855,20.053,0.312,0.021,1.005,38.79,60,938,-1181
74.313,-14.038,-29.443,0.334,0.058,0.878,38.79,-183,1067,-976
42.656,40.832,-62.954,0.28,0.275,0.867,38.88,-433,897,-862
21.87,96.13,-69.122,0.074,0.497,0.933,39.02,-602,568,-860
-21.45,98.901,-56.641,-0.183,0.506,1.007,38.88,-628,150,-907
-79.29,63.412,-30.496,-0.415,0.288,0.892,38.98,-482,-241,-1011
-70.702,-3.718,11.977,-0.453,0.097,0.886,38.88,-295,-343,-1103
-66.489,-61.519,11.87,-0.356,0.063,0.957,38.84,-88,-191,-1266
-58.542,-61.786,17.397,-0.194,-0.2,0.823,38.79,162,147,-1405
-46.802,-53.244,24.885,-0.05,-0.264,0.932,38.88,430,377,-1442
-10.595,-45.145,17.969,0.093,-0.357,0.984,39.02,597,633,-1432
-2.603,-44.084,10.313,0.049,-0.267,1.015,38.69,660,808,-1405
15.969,-59.382,20.916,0.354,-0.409,0.847,38.79,738,1098,-1278
56.244,-42.916,0.031,0.336,-0.309,0.918,38.88,647,1290,-1148
82.771,-13.397,-47.489,0.417,-0.166,0.845,38.88,410,1360,-1028
73.595,6.878,-31.588,0.486,0.208,0.922,38.79,6,1305,-902
66.626,19.847,-22.748,0.42,0.39,1.006,39.02,-213,1276,-787
32.824,38.947,-34.344,0.345,0.384,0.897,38.79,-415,1145,-707
52.634,41.473,-33.931,0.275,0.422,0.817,38.84,-568,933,-725
65.756,12.244,-46.947,0.214,0.583,0.721,38.6,-758,781,-541
-17.405,72.099,-88.771,0.058,0.545,0.755,38.84,-857,483,-583
-12.45,64.221,-51.374,-0.165,0.632,0.75,38.6,-868,120,-657
-46.885,61.244,-59.061,-0.28,0.538,0.844,38.88,-795,-122,-710
-39.702,58.42,-61.084,-0.466,0.282,0.783,39.02,-595,-401,-852
-44.099,4.092,-7.656,-0.548,0.184,0.77,38.88,-405,-548,-940
-43.847,14.137,2.344,-0.543,0.178,0.729,38.84,-292,-585,-1001
-64.511,-21.206,6.672,-0.554,0.05,0.811,38.98,-138,-573,-1106
-36.511,-33.092,12.176,-0.496,-0.001,0.928,38.88,11,-452,-1236
-45.832,-34.595,23,-0.421,-0.071,0.901,38.79,162,-321,-1337
-75.458,-46.153,29.511,-0.301,-0.296,0.832,38.79,431,-83,-1460
-43.16,-37.847,19.718,-0.282,-0.312,0.927,38.69,667,106,-1500
-39.924,-49.214,19.473,-0.163,-0.485,0.824,38.51,863,275,-1505
-25.229,-38.809,12.519,-0.142,-0.464,0.879,39.17,1030,473,-1477
-12.359,-45.71,1.534,-0.086,-0.445,0.978,38.65,1136,605,-1435
-20.939,-85.695,1.679,0.041,-0.621,0.802,38.65,1246,861,-1347
35.679,-73.748,-15.947,0.226,-0.682,0.701,38.98,1290,1132,-1221
26.58,-28.802,-8.427,0.416,-0.54,0.78,38.88,1191,1338,-1106
30.824,-50.611,-17.481,0.418,-0.449,0.793,39.02,1095,1508,-981
41.595,-81.977,4.573,0.662,-0.531,0.659,39.12,988,1723,-750
54.771,-37.45,-44.16,0.684,-0.39,0.651,38.88,852,1876,-538
44.771,-45.771,-54.053,0.787,-0.088,0.695,38.98,578,1922,-386
51.458,-18.45,-59.29,0.82,-0.076,0.558,38.79,378,1938,-195
47.122,-13.84,-51.115,0.871,0,0.541,38.88,191,1907,-75
70.321,-24.076,-66.137,0.856,0.257,0.48,39.02,-3,1845,102
37.969,4.328,-112.321,0.853,0.4,0.357,38.98,-271,1706,260
29.481,26.45,-112.679,0.678,0.654,0.416,38.88,-641,1385,270
34.473,22.893,-115.13,0.562,0.814,0.396,38.88,-888,1062,292
12.053,20.733,-78.397,0.375,0.88,0.344,39.02,-1048,706,328
13.679,27.634,-59.832,0.136,0.909,0.355,38.98,-1123,462,358
-7.374,26.725,-92.405,0.019,0.975,0.361,39.02,-1133,168,348
-13,34.229,-80.092,-0.165,0.975,0.341,38.88,-1140,-130,260
-44.534,41.87,-88.534,-0.388,0.833,0.449,38.98,-1061,-416,150
-80.443,57.992,-87.832,-0.466,0.698,0.471,39.02,-910,-687,-40
-74.824,32.282,-69.405,-0.672,0.49,0.546,38.79,-696,-948,-172
-60.069,20.71,-85.008,-0.774,0.27,0.55,38.84,-433,-1147,-265
-31.618,10.382,-56.534,-0.814,0.104,0.533,39.17,-172,-1276,-310
-57.076,15.588,-45.374,-0.82,-0.031,0.514,38.88,42,-1353,-361
-48.534,-55.565,-13.389,-0.744,-0.111,0.603,38.98,220,-1351,-513
-26.099,-36.031,11.038,-0.759,-0.182,0.633,38.98,282,-1256,-685
-31.725,-29.595,13.802,-0.739,-0.179,0.775,38.98,297,-1178,-802
-35.527,-74.321,24.328,-0.634,-0.232,0.749,39.12,333,-1047,-981
-45.099,-82.076,18.206,-0.578,-0.239,0.805,39.12,398,-822,-1161
-30.87,-42.397,13.244,-0.429,-0.329,0.828,38.84,508,-621,-1297
-21.313,-40.756,21.237,-0.31,-0.386,0.837,38.98,587,-437,-1382
-8.122,-50.336,25.443,-0.268,-0.402,0.893,38.98,657,-258,-1422
-9.405,-41.107,7.221,-0.2,-0.404,0.853,39.17,675,-28,-1482
2.092,-89.626,10.031,-0.053,-0.352,0.965,39.02,703,305,-1497
24.183,-82.718,7.908,0.149,-0.493,0.769,38.98,701,703,-1432
7.931,-52.16,13.344,0.313,-0.331,0.953,38.98,621,943,-1337
44.008,-79.176,28.679,0.342,-0.212,0.959,39.12,605,1130,-1231
37.901,-36.931,7.015,0.459,-0.254,0.854,39.12,522,1328,-1101
52.237,-28.847,9.954,0.561,-0.316,0.702,38.98,420,1440,-971
60.122,-12.947,-0.229,0.587,-0.076,0.855,39.21,295,1493,-890
48.038,0.656,2.832,0.622,-0.049,0.884,39.12,182,1493,-827
58.145,19.588,-2.626,0.565,0.119,0.845,38.84,28,1457,-780
74.092,33.626,-18.634,0.461,0.249,0.825,38.98,-215,1336,-715
92.313,41.832,-43.29,0.429,0.376,0.734,39.12,-427,1237,-573
83.718,30.473,-36.748,0.33,0.635,0.74,38.88,-686,1085,-381
65.229,13.42,-43.351,0.322,0.721,0.59,38.98,-876,912,-165
58.595,38.359,-62.13,0.163,0.879,0.419,38.88,-1025,737,65
61.618,29.656,-54.008,0.018,0.864,0.352,38.79,-1090,507,242
73.656,9.008,-33.176,-0.042,0.917,0.23,39.17,-1118,326,443
81.275,19.427,-3.42,-0.087,0.934,0.048,38.98,-1092,251,695
71.015,12.168,10.779,-0.195,1.068,-0.046,38.88,-980,248,978
72.275,11.527,9.076,-0.082,0.936,-0.222,38.98,-845,323,1191
49.756,11.427,11.794,-0.099,0.985,-0.334,38.84,-688,360,1377
40.847,7.992,13.29,-0.041,0.911,-0.462,39.17,-581,388,1482
46.412,6.679,9.603,-0.045,0.915,-0.51,39.12,-470,427,1570
103.542,12.328,6.893,-0.023,0.77,-0.622,38.88,-253,486,1678
73.779,-0.496,18.817,0.053,0.684,-0.781,39.17,45,532,1831
64.84,4.924,6.42,0.038,0.565,-0.901,39.02,307,551,1886
61.458,-0.176,4.237,0.055,0.501,-0.945,39.31,547,563,1913
74.504,7.252,7.519,0.099,0.384,-0.978,38.88,801,558,1893
70.763,15.718,20.168,0.136,0.164,-1.035,38.98,1126,592,1846
70.969,1.985,14.74,0.14,-0.046,-1.014,38.98,1418,631,1753
61.122,-0.206,9.061,0.149,-0.197,-1.01,38.98,1635,612,1643
56.802,4.962,10.748,0.113,-0.29,-0.949,39.12,1871,595,1500
60.763,3.008,2.191,0.141,-0.359,-0.982,39.12,2022,592,1372
81.008,-20.405,-0.924,0.109,-0.467,-0.954,38.98,2216,561,1171
60.351,-15.061,-1.985,0.083,-0.618,-0.82,38.98,2335,556,1008
69.779,-24.542,-5.275,0.035,-0.779,-0.724,39.12,2435,510,815
44.496,-16.931,-5.611,0.043,-0.799,-0.629,39.12,2486,522,657
13.55,-21.702,-13.74,0.04,-0.844,-0.639,38.65,2515,525,581
-20.832,-5.176,-14.573,0.032,-0.757,-0.606,39.12,2502,556,623
-53.649,27.954,-13.374,0.094,-0.693,-0.752,38.98,2460,576,752
-64.794,48.901,-7.481,0.135,-0.678,-0.744,39.12,2351,677,940
-52.84,65.924,2.992,0.232,-0.596,-0.835,38.98,2233,796,1103
-49.847,66.092,4.344,0.313,-0.46,-0.914,39.12,2121,931,1183
-60.153,57.962,-1.305,0.424,-0.348,-0.898,38.88,1998,1075,1248
-67.008,56.992,-6.244,0.548,-0.245,-0.873,39.17,1837,1207,1325
-84.183,74.298,4.756,0.642,-0.135,-0.799,39.12,1647,1380,1352
-65.656,50.351,-3.13,0.784,0.027,-0.777,39.12,1476,1493,1345
-39.321,35.282,-4.115,0.777,0.123,-0.622,39.35,1373,1615,1300
-40.443,47.992,-5.924,0.893,0.169,-0.627,39.02,1241,1706,1241
-60.29,60.282,-22.649,0.924,0.26,-0.488,39.12,1092,1827,1131
-51.008,40.74,-24.885,0.949,0.313,-0.328,39.12,917,1927,1013
-42.008,41.962,-21.939,0.925,0.412,-0.17,39.17,785,1985,867
-48.122,43.939,-18.611,0.932,0.428,-0.064,39.12,675,2033,710
-63.855,63.252,-16.672,0.937,0.45,0.055,39.12,563,2067,493
-59.863,48.473,-31.183,0.807,0.478,0.229,39.02,451,2057,260
-37.748,45.061,-14.611,0.78,0.534,0.378,38.88,381,2026,90
-30.573,47.58,-10.603,0.762,0.561,0.431,39.02,340,1985,-92
-46.244,67.359,-7.802,0.655,0.445,0.567,39.31,360,1912,-315
-29.435,50.885,2.519,0.594,0.468,0.68,39.12,376,1811,-543
-24.511,42.389,1.313,0.541,0.389,0.817,39.31,458,1726,-727
-12.802,33.618,-0.748,0.433,0.344,0.826,38.84,537,1638,-852
-7.511,37.099,5.458,0.371,0.31,0.883,39.17,561,1540,-973
-14.321,37.985,8.954,0.298,0.298,0.945,38.88,621,1411,-1083
-24.573,41.481,9.565,0.226,0.233,0.991,39.17,725,1295,-1203
9.863,10.206,8,0.195,0.237,0.986,39.31,770,1207,-1256
-16.656,16.221,9.092,0.151,0.21,0.983,39.12,795,1162,-1287
-11.977,9.153,11.725,0.065,0.12,0.947,38.88,873,1082,-1332
-11.198,0.962,2.122,0.132,0.175,0.977,39.17,920,1086,-1332
-11.71,-1.55,-17.725,0.158,0.139,0.991,39.02,938,1116,-1337
-15.252,5.328,-7.702,0.087,0.039,1.062,38.98,986,1080,-1342
-5.58,-7.939,-2.397,0.142,0.075,1.008,39.17,1001,1123,-1342
-10.29,-7.206,3.954,0.195,0.091,1.002,39.12,1040,1147,-1320
-8.893,-9.206,-5.405,0.17,0.025,0.99,39.35,1085,1171,-1312
-7.023,-8.511,1.779,0.192,0.029,0.945,39.12,1106,1193,-1300
-22.656,-3.305,-4.45,0.234,-0.034,1.003,39.31,1186,1240,-1285
-15.847,-0.336,-6.672,0.194,-0.087,1.032,39.12,1260,1217,-1285
-3.824,0.473,-2.878,0.207,-0.079,0.979,39.12,1296,1220,-1258
-4.672,-6.389,-2.496,0.237,-0.118,1.025,39.12,1311,1251,-1271
3.771,-0.16,3.931,0.231,-0.064,0.972,39.12,1308,1276,-1258
2.687,-15.13,7.275,0.185,-0.052,0.958,38.98,1347,1268,-1251
30.008,6.832,-9.74,0.112,-0.064,1.231,39.12,1253,1273,-1266
17.55,-6.122,-7.328,0.026,0.064,1.199,39.35,1123,1285,-1281
-1.611,-13.092,6.374,0.212,-0.001,1.039,39.17,1108,1318,-1258
15.16,0.336,-1.206,0.271,-0.006,0.92,39.21,1076,1343,-1238
77.321,6.687,-54.153,0.207,0.188,1.193,39.31,847,1473,-1151
17.832,18.046,-3.58,0.341,0.303,0.843,39.17,615,1491,-1133
1.458,2.382,-0.664,0.302,0.337,0.907,39.35,537,1370,-1218
2.328,0.221,-0.29,0.291,0.341,0.925,39.17,540,1356,-1208
1.397,3.389,-0.611,0.302,0.346,0.924,39.4,530,1365,-1223
1.458,2.885,-0.733,0.303,0.343,0.903,39.12,545,1380,-1201
1.824,1.29,-0.336,0.296,0.353,0.92,39.12,537,1356,-1226
1.511,1.824,-0.015,0.291,0.346,0.921,39.12,532,1356,-1231
1.702,1.931,0.176,0.297,0.346,0.913,39.21,527,1367,-1231
1.412,1.924,-0.443,0.291,0.347,0.921,39.02,522,1367,-1231
1.832,2.305,-0.351,0.287,0.349,0.917,39.21,525,1356,-1213
1.664,2.061,-0.328,0.289,0.343,0.915,39.21,530,1357,-1226
2.107,0.832,-0.076,0.289,0.346,0.912,39.12,521,1356,-1211
1.977,3.718,-0.29,0.28,0.348,0.917,39.21,537,1348,-1213
2.679,2.565,-0.145,0.296,0.352,0.918,39.12,518,1346,-1216
2.038,1.962,-0.344,0.287,0.352,0.916,39.21,537,1348,-1233
0.733,1.237,0.908,0.276,0.355,0.912,39.12,516,1336,-1223
-0.931,3.908,-0.038,0.208,0.293,1.061,39.31,547,1326,-1243
-0.153,-0.588,1.252,0.285,0.34,0.915,39.17,532,1328,-1243
1.511,0.473,0.84,0.277,0.33,0.93,39.21,547,1348,-1238
0.931,2.206,0.008,0.276,0.333,0.927,39.31,547,1338,-1238
1.153,2.71,0.382,0.278,0.338,0.917,39.31,552,1321,-1251
-0.29,2.13,4.664,0.265,0.335,0.914,39.12,550,1341,-1246
1.702,2.168,-0.183,0.266,0.334,0.928,39.17,581,1338,-1263
1.29,2.069,1.122,0.266,0.324,0.935,39.17,581,1333,-1241
2.504,4.076,-0.573,0.272,0.328,0.921,39.12,597,1336,-1221
1.947,2.374,-0.176,0.287,0.337,0.92,39.4,573,1315,-1208
2.573,0.916,-0.344,0.276,0.334,0.917,39.02,578,1310,-1198
2.481,0.435,-1.496,0.277,0.337,0.927,39.17,590,1326,-1193
2.023,-0.099,-1.496,0.281,0.343,0.916,39.17,568,1338,-1213
1.252,1.382,-0.504,0.277,0.336,0.924,39.12,566,1328,-1201
1.137,0.595,-0.588,0.281,0.329,0.917,39.12,578,1333,-1216
1.244,1.321,-1.084,0.279,0.333,0.917,39.17,583,1326,-1226
1.061,1.359,-0.588,0.278,0.341,0.917,39.31,552,1331,-1218
1.153,1.321,-0.626,0.284,0.335,0.916,39.12,552,1328,-1226
1.55,0.565,-1.366,0.292,0.33,0.905,38.98,553,1336,-1241
6.458,3.733,-1.412,0.288,0.303,1.014,39.12,568,1367,-1213
1.359,3.237,-0.275,0.385,0.339,0.867,39.12,552,1367,-1208
0.939,-1.954,-0.756,0.33,0.342,0.894,39.12,545,1377,-1191
8.015,-32.214,1.962,0.324,0.366,0.996,39.12,553,1406,-1171
3.061,-38.771,-4.122,0.336,0.406,0.83,39.35,581,1522,-1081
4.046,0.42,0.908,0.359,0.288,0.939,39.35,558,1563,-1038
-11.45,122.504,-51.282,0.3,0.518,0.633,39.21,537,1470,-1106
